{
  "business": {
    "1": {
      "perDoc": 250.0,
      "total": 250.0
    },
    "2": {
      "perDoc": 175.0,
      "total": 350.0
    },
    "3": {
      "perDoc": 150.0,
      "total": 450.0
    },
    "4": {
      "perDoc": 137.5,
      "total": 550.0
    },
    "5": {
      "perDoc": 130.0,
      "total": 650.0
    },
    "6": {
      "perDoc": 125.0,
      "total": 750.0
    },
    "7": {
      "perDoc": 120.0,
      "total": 840.0
    },
    "8": {
      "perDoc": 115.0,
      "total": 920.0
    },
    "9": {
      "perDoc": 100.0,
      "total": 900.0
    },
    "10": {
      "perDoc": 100.0,
      "total": 1000.0
    },
    "11": {
      "perDoc": 95.0,
      "total": 1045.0
    },
    "12": {
      "perDoc": 95.0,
      "total": 1140.0
    },
    "13": {
      "perDoc": 95.0,
      "total": 1235.0
    },
    "14": {
      "perDoc": 95.0,
      "total": 1330.0
    },
    "15": {
      "perDoc": 95.0,
      "total": 1425.0
    },
    "16": {
      "perDoc": 95.0,
      "total": 1520.0
    },
    "17": {
      "perDoc": 95.0,
      "total": 1615.0
    },
    "18": {
      "perDoc": 95.0,
      "total": 1710.0
    },
    "19": {
      "perDoc": 95.0,
      "total": 1805.0
    },
    "20": {
      "perDoc": 95.0,
      "total": 1900.0
    },
    "21": {
      "perDoc": 94.0,
      "total": 1974.0
    },
    "22": {
      "perDoc": 93.0,
      "total": 2046.0
    },
    "23": {
      "perDoc": 92.0,
      "total": 2116.0
    },
    "24": {
      "perDoc": 91.0,
      "total": 2184.0
    },
    "25": {
      "perDoc": 90.0,
      "total": 2250.0
    },
    "26": {
      "perDoc": 90.0,
      "total": 2340.0
    },
    "27": {
      "perDoc": 90.0,
      "total": 2430.0
    },
    "28": {
      "perDoc": 90.0,
      "total": 2520.0
    },
    "29": {
      "perDoc": 90.0,
      "total": 2610.0
    },
    "30": {
      "perDoc": 90.0,
      "total": 2700.0
    },
    "31": {
      "perDoc": 89.0,
      "total": 2759.0
    },
    "32": {
      "perDoc": 88.0,
      "total": 2816.0
    },
    "33": {
      "perDoc": 87.0,
      "total": 2871.0
    },
    "34": {
      "perDoc": 86.0,
      "total": 2924.0
    },
    "35": {
      "perDoc": 85.0,
      "total": 2975.0
    },
    "36": {
      "perDoc": 85.0,
      "total": 3060.0
    },
    "37": {
      "perDoc": 85.0,
      "total": 3145.0
    },
    "38": {
      "perDoc": 85.0,
      "total": 3230.0
    },
    "39": {
      "perDoc": 85.0,
      "total": 3315.0
    },
    "40": {
      "perDoc": 85.0,
      "total": 3400.0
    },
    "41": {
      "perDoc": 84.0,
      "total": 3444.0
    },
    "42": {
      "perDoc": 83.0,
      "total": 3486.0
    },
    "43": {
      "perDoc": 82.0,
      "total": 3526.0
    },
    "44": {
      "perDoc": 81.0,
      "total": 3564.0
    },
    "45": {
      "perDoc": 80.0,
      "total": 3600.0
    },
    "46": {
      "perDoc": 80.0,
      "total": 3680.0
    },
    "47": {
      "perDoc": 80.0,
      "total": 3760.0
    },
    "48": {
      "perDoc": 80.0,
      "total": 3840.0
    },
    "49": {
      "perDoc": 80.0,
      "total": 3920.0
    },
    "50": {
      "perDoc": 80.0,
      "total": 4000.0
    },
    "51": {
      "perDoc": 79.0,
      "total": 4029.0
    },
    "52": {
      "perDoc": 78.0,
      "total": 4056.0
    },
    "53": {
      "perDoc": 77.0,
      "total": 4081.0
    },
    "54": {
      "perDoc": 76.0,
      "total": 4104.0
    },
    "55": {
      "perDoc": 75.0,
      "total": 4125.0
    },
    "56": {
      "perDoc": 75.0,
      "total": 4200.0
    },
    "57": {
      "perDoc": 75.0,
      "total": 4275.0
    },
    "58": {
      "perDoc": 75.0,
      "total": 4350.0
    },
    "59": {
      "perDoc": 75.0,
      "total": 4425.0
    },
    "60": {
      "perDoc": 75.0,
      "total": 4500.0
    },
    "61": {
      "perDoc": 74.0,
      "total": 4514.0
    },
    "62": {
      "perDoc": 73.0,
      "total": 4526.0
    },
    "63": {
      "perDoc": 72.0,
      "total": 4536.0
    },
    "64": {
      "perDoc": 71.0,
      "total": 4544.0
    },
    "65": {
      "perDoc": 70.0,
      "total": 4550.0
    },
    "66": {
      "perDoc": 70.0,
      "total": 4620.0
    },
    "67": {
      "perDoc": 70.0,
      "total": 4690.0
    },
    "68": {
      "perDoc": 70.0,
      "total": 4760.0
    },
    "69": {
      "perDoc": 70.0,
      "total": 4830.0
    },
    "70": {
      "perDoc": 70.0,
      "total": 4900.0
    },
    "71": {
      "perDoc": 70.0,
      "total": 4970.0
    },
    "72": {
      "perDoc": 70.0,
      "total": 5040.0
    },
    "73": {
      "perDoc": 70.0,
      "total": 5110.0
    },
    "74": {
      "perDoc": 70.0,
      "total": 5180.0
    },
    "75": {
      "perDoc": 70.0,
      "total": 5250.0
    },
    "76": {
      "perDoc": 70.0,
      "total": 5320.0
    },
    "77": {
      "perDoc": 70.0,
      "total": 5390.0
    },
    "78": {
      "perDoc": 70.0,
      "total": 5460.0
    },
    "79": {
      "perDoc": 70.0,
      "total": 5530.0
    },
    "80": {
      "perDoc": 70.0,
      "total": 5600.0
    },
    "81": {
      "perDoc": 70.0,
      "total": 5670.0
    },
    "82": {
      "perDoc": 70.0,
      "total": 5740.0
    },
    "83": {
      "perDoc": 70.0,
      "total": 5810.0
    },
    "84": {
      "perDoc": 70.0,
      "total": 5880.0
    },
    "85": {
      "perDoc": 70.0,
      "total": 5950.0
    },
    "86": {
      "perDoc": 70.0,
      "total": 6020.0
    },
    "87": {
      "perDoc": 70.0,
      "total": 6090.0
    },
    "88": {
      "perDoc": 70.0,
      "total": 6160.0
    },
    "89": {
      "perDoc": 70.0,
      "total": 6230.0
    },
    "90": {
      "perDoc": 70.0,
      "total": 6300.0
    },
    "91": {
      "perDoc": 70.0,
      "total": 6370.0
    },
    "92": {
      "perDoc": 70.0,
      "total": 6440.0
    },
    "93": {
      "perDoc": 70.0,
      "total": 6510.0
    },
    "94": {
      "perDoc": 70.0,
      "total": 6580.0
    },
    "95": {
      "perDoc": 70.0,
      "total": 6650.0
    },
    "96": {
      "perDoc": 70.0,
      "total": 6720.0
    },
    "97": {
      "perDoc": 70.0,
      "total": 6790.0
    },
    "98": {
      "perDoc": 70.0,
      "total": 6860.0
    },
    "99": {
      "perDoc": 70.0,
      "total": 6930.0
    },
    "100": {
      "perDoc": 70.0,
      "total": 7000.0
    }
  },
  "personal": {
    "1": {
      "perDoc": 175.0,
      "total": 175.0
    },
    "2": {
      "perDoc": 175.0,
      "total": 350.0
    },
    "3": {
      "perDoc": 150.0,
      "total": 450.0
    },
    "4": {
      "perDoc": 137.5,
      "total": 550.0
    },
    "5": {
      "perDoc": 130.0,
      "total": 650.0
    },
    "6": {
      "perDoc": 125.0,
      "total": 750.0
    },
    "7": {
      "perDoc": 120.0,
      "total": 840.0
    },
    "8": {
      "perDoc": 115.0,
      "total": 920.0
    },
    "9": {
      "perDoc": 100.0,
      "total": 900.0
    },
    "10": {
      "perDoc": 100.0,
      "total": 1000.0
    },
    "11": {
      "perDoc": 99.0,
      "total": 1089.0
    },
    "12": {
      "perDoc": 98.0,
      "total": 1176.0
    },
    "13": {
      "perDoc": 97.0,
      "total": 1261.0
    },
    "14": {
      "perDoc": 96.0,
      "total": 1344.0
    },
    "15": {
      "perDoc": 95.0,
      "total": 1425.0
    },
    "16": {
      "perDoc": 94.0,
      "total": 1504.0
    },
    "17": {
      "perDoc": 93.0,
      "total": 1581.0
    },
    "18": {
      "perDoc": 92.0,
      "total": 1656.0
    },
    "19": {
      "perDoc": 91.0,
      "total": 1729.0
    },
    "20": {
      "perDoc": 90.0,
      "total": 1800.0
    },
    "21": {
      "perDoc": 89.0,
      "total": 1869.0
    },
    "22": {
      "perDoc": 88.0,
      "total": 1936.0
    },
    "23": {
      "perDoc": 87.0,
      "total": 2001.0
    },
    "24": {
      "perDoc": 86.0,
      "total": 2064.0
    },
    "25": {
      "perDoc": 85.0,
      "total": 2125.0
    },
    "26": {
      "perDoc": 84.0,
      "total": 2184.0
    },
    "27": {
      "perDoc": 83.0,
      "total": 2241.0
    },
    "28": {
      "perDoc": 82.0,
      "total": 2296.0
    },
    "29": {
      "perDoc": 81.0,
      "total": 2349.0
    },
    "30": {
      "perDoc": 80.0,
      "total": 2400.0
    },
    "31": {
      "perDoc": 79.0,
      "total": 2449.0
    },
    "32": {
      "perDoc": 78.0,
      "total": 2496.0
    },
    "33": {
      "perDoc": 77.0,
      "total": 2541.0
    },
    "34": {
      "perDoc": 76.0,
      "total": 2584.0
    },
    "35": {
      "perDoc": 75.0,
      "total": 2625.0
    },
    "36": {
      "perDoc": 74.0,
      "total": 2664.0
    },
    "37": {
      "perDoc": 73.0,
      "total": 2701.0
    },
    "38": {
      "perDoc": 72.0,
      "total": 2736.0
    },
    "39": {
      "perDoc": 71.0,
      "total": 2769.0
    },
    "40": {
      "perDoc": 70.0,
      "total": 2800.0
    },
    "41": {
      "perDoc": 69.0,
      "total": 2829.0
    },
    "42": {
      "perDoc": 68.0,
      "total": 2856.0
    },
    "43": {
      "perDoc": 67.0,
      "total": 2881.0
    },
    "44": {
      "perDoc": 66.0,
      "total": 2904.0
    },
    "45": {
      "perDoc": 65.0,
      "total": 2925.0
    },
    "46": {
      "perDoc": 64.0,
      "total": 2944.0
    },
    "47": {
      "perDoc": 63.0,
      "total": 2961.0
    },
    "48": {
      "perDoc": 62.0,
      "total": 2976.0
    },
    "49": {
      "perDoc": 61.0,
      "total": 2989.0
    },
    "50": {
      "perDoc": 60.0,
      "total": 3000.0
    },
    "51": {
      "perDoc": 59.0,
      "total": 3009.0
    },
    "52": {
      "perDoc": 58.0,
      "total": 3016.0
    },
    "53": {
      "perDoc": 57.0,
      "total": 3021.0
    },
    "54": {
      "perDoc": 56.0,
      "total": 3024.0
    },
    "55": {
      "perDoc": 55.0,
      "total": 3025.0
    },
    "56": {
      "perDoc": 54.0,
      "total": 3024.0
    },
    "57": {
      "perDoc": 53.0,
      "total": 3021.0
    },
    "58": {
      "perDoc": 52.0,
      "total": 3016.0
    },
    "59": {
      "perDoc": 51.0,
      "total": 3009.0
    },
    "60": {
      "perDoc": 50.0,
      "total": 3000.0
    },
    "61": {
      "perDoc": 50.0,
      "total": 3050.0
    },
    "62": {
      "perDoc": 50.0,
      "total": 3100.0
    },
    "63": {
      "perDoc": 50.0,
      "total": 3150.0
    },
    "64": {
      "perDoc": 50.0,
      "total": 3200.0
    },
    "65": {
      "perDoc": 50.0,
      "total": 3250.0
    },
    "66": {
      "perDoc": 50.0,
      "total": 3300.0
    },
    "67": {
      "perDoc": 50.0,
      "total": 3350.0
    },
    "68": {
      "perDoc": 50.0,
      "total": 3400.0
    },
    "69": {
      "perDoc": 50.0,
      "total": 3450.0
    },
    "70": {
      "perDoc": 50.0,
      "total": 3500.0
    },
    "71": {
      "perDoc": 50.0,
      "total": 3550.0
    },
    "72": {
      "perDoc": 50.0,
      "total": 3600.0
    },
    "73": {
      "perDoc": 50.0,
      "total": 3650.0
    },
    "74": {
      "perDoc": 50.0,
      "total": 3700.0
    },
    "75": {
      "perDoc": 50.0,
      "total": 3750.0
    },
    "76": {
      "perDoc": 50.0,
      "total": 3800.0
    },
    "77": {
      "perDoc": 50.0,
      "total": 3850.0
    },
    "78": {
      "perDoc": 50.0,
      "total": 3900.0
    },
    "79": {
      "perDoc": 50.0,
      "total": 3950.0
    },
    "80": {
      "perDoc": 50.0,
      "total": 4000.0
    },
    "81": {
      "perDoc": 50.0,
      "total": 4050.0
    },
    "82": {
      "perDoc": 50.0,
      "total": 4100.0
    },
    "83": {
      "perDoc": 50.0,
      "total": 4150.0
    },
    "84": {
      "perDoc": 50.0,
      "total": 4200.0
    },
    "85": {
      "perDoc": 50.0,
      "total": 4250.0
    },
    "86": {
      "perDoc": 50.0,
      "total": 4300.0
    },
    "87": {
      "perDoc": 50.0,
      "total": 4350.0
    },
    "88": {
      "perDoc": 50.0,
      "total": 4400.0
    },
    "89": {
      "perDoc": 50.0,
      "total": 4450.0
    },
    "90": {
      "perDoc": 50.0,
      "total": 4500.0
    },
    "91": {
      "perDoc": 50.0,
      "total": 4550.0
    },
    "92": {
      "perDoc": 50.0,
      "total": 4600.0
    },
    "93": {
      "perDoc": 50.0,
      "total": 4650.0
    },
    "94": {
      "perDoc": 50.0,
      "total": 4700.0
    },
    "95": {
      "perDoc": 50.0,
      "total": 4750.0
    },
    "96": {
      "perDoc": 50.0,
      "total": 4800.0
    },
    "97": {
      "perDoc": 50.0,
      "total": 4850.0
    },
    "98": {
      "perDoc": 50.0,
      "total": 4900.0
    },
    "99": {
      "perDoc": 50.0,
      "total": 4950.0
    },
    "100": {
      "perDoc": 50.0,
      "total": 5000.0
    }
  },
  "additionalStateFee": 75.0
}