{
  "AL": {
    "stateName": "Alabama",
    "options": [
      {
        "label": "Standard \u00b7 10\u201315 business days",
        "price": 0.0
      },
      {
        "label": "Expedited \u00b7 5\u20137 business days",
        "price": 50.0
      },
      {
        "label": "Rush \u00b7 2\u20133 business days",
        "price": 75.0
      }
    ],
    "notes": "nan"
  },
  "AK": {
    "stateName": "Alaska",
    "options": [
      {
        "label": "Standard \u00b7 15\u201320 business days",
        "price": 0.0
      }
    ],
    "notes": "Remote location - limited expedite options"
  },
  "AZ": {
    "stateName": "Arizona",
    "options": [
      {
        "label": "Standard \u00b7 10\u201314 business days",
        "price": 0.0
      },
      {
        "label": "Expedited \u00b7 5\u20137 business days",
        "price": 50.0
      },
      {
        "label": "Rush \u00b7 2\u20133 business days",
        "price": 75.0
      }
    ],
    "notes": "nan"
  },
  "AR": {
    "stateName": "Arkansas",
    "options": [
      {
        "label": "Standard \u00b7 12\u201315 business days",
        "price": 0.0
      },
      {
        "label": "Expedited \u00b7 6\u20138 business days",
        "price": 50.0
      }
    ],
    "notes": "nan"
  },
  "CA": {
    "stateName": "California",
    "options": [
      {
        "label": "Standard \u00b7 5\u20137 business days",
        "price": 0.0
      },
      {
        "label": "Rush \u00b7 2\u20133 business days",
        "price": 50.0
      },
      {
        "label": "Next business day",
        "price": 100.0
      },
      {
        "label": "Same\u2011day service",
        "price": 150.0
      }
    ],
    "notes": "High volume state - 4 speed tiers"
  },
  "CO": {
    "stateName": "Colorado",
    "options": [
      {
        "label": "Standard \u00b7 8\u201312 business days",
        "price": 0.0
      },
      {
        "label": "Expedited \u00b7 4\u20136 business days",
        "price": 50.0
      },
      {
        "label": "Rush \u00b7 1\u20132 business days",
        "price": 75.0
      }
    ],
    "notes": "nan"
  },
  "CT": {
    "stateName": "Connecticut",
    "options": [
      {
        "label": "Standard \u00b7 10\u201314 business days",
        "price": 0.0
      },
      {
        "label": "Expedited \u00b7 5\u20137 business days",
        "price": 50.0
      }
    ],
    "notes": "nan"
  },
  "DE": {
    "stateName": "Delaware",
    "options": [
      {
        "label": "Standard \u00b7 10\u201312 business days",
        "price": 0.0
      },
      {
        "label": "Expedited \u00b7 4\u20136 business days",
        "price": 50.0
      },
      {
        "label": "Rush \u00b7 2\u20133 business days",
        "price": 75.0
      }
    ],
    "notes": "nan"
  },
  "DC": {
    "stateName": "District of Columbia",
    "options": [
      {
        "label": "Standard \u00b7 8\u201312 business days",
        "price": 0.0
      },
      {
        "label": "Expedited \u00b7 4\u20136 business days",
        "price": 50.0
      },
      {
        "label": "Rush \u00b7 2\u20133 business days",
        "price": 75.0
      }
    ],
    "notes": "Federal documents"
  },
  "FL": {
    "stateName": "Florida",
    "options": [
      {
        "label": "Standard \u00b7 12\u201315 business days",
        "price": 0.0
      },
      {
        "label": "Expedited \u00b7 6\u20138 business days",
        "price": 50.0
      },
      {
        "label": "Rush \u00b7 3\u20134 business days",
        "price": 75.0
      }
    ],
    "notes": "High volume state"
  },
  "GA": {
    "stateName": "Georgia",
    "options": [
      {
        "label": "Standard \u00b7 10\u201314 business days",
        "price": 0.0
      },
      {
        "label": "Expedited \u00b7 5\u20137 business days",
        "price": 50.0
      },
      {
        "label": "Rush \u00b7 2\u20133 business days",
        "price": 75.0
      }
    ],
    "notes": "nan"
  },
  "HI": {
    "stateName": "Hawaii",
    "options": [
      {
        "label": "Standard \u00b7 15\u201320 business days",
        "price": 0.0
      },
      {
        "label": "Expedited \u00b7 8\u201310 business days",
        "price": 50.0
      }
    ],
    "notes": "Remote location"
  },
  "ID": {
    "stateName": "Idaho",
    "options": [
      {
        "label": "Standard \u00b7 12\u201315 business days",
        "price": 0.0
      },
      {
        "label": "Expedited \u00b7 6\u20138 business days",
        "price": 50.0
      }
    ],
    "notes": "nan"
  },
  "IL": {
    "stateName": "Illinois",
    "options": [
      {
        "label": "Standard \u00b7 10\u201314 business days",
        "price": 0.0
      },
      {
        "label": "Expedited \u00b7 5\u20137 business days",
        "price": 50.0
      },
      {
        "label": "Rush \u00b7 2\u20133 business days",
        "price": 75.0
      }
    ],
    "notes": "nan"
  },
  "IN": {
    "stateName": "Indiana",
    "options": [
      {
        "label": "Standard \u00b7 10\u201312 business days",
        "price": 0.0
      },
      {
        "label": "Expedited \u00b7 5\u20137 business days",
        "price": 50.0
      },
      {
        "label": "Rush \u00b7 2\u20133 business days",
        "price": 75.0
      }
    ],
    "notes": "nan"
  },
  "IA": {
    "stateName": "Iowa",
    "options": [
      {
        "label": "Standard \u00b7 12\u201315 business days",
        "price": 0.0
      },
      {
        "label": "Expedited \u00b7 6\u20138 business days",
        "price": 50.0
      }
    ],
    "notes": "nan"
  },
  "KS": {
    "stateName": "Kansas",
    "options": [
      {
        "label": "Standard \u00b7 10\u201314 business days",
        "price": 0.0
      },
      {
        "label": "Expedited \u00b7 5\u20137 business days",
        "price": 50.0
      }
    ],
    "notes": "nan"
  },
  "KY": {
    "stateName": "Kentucky",
    "options": [
      {
        "label": "Standard \u00b7 12\u201315 business days",
        "price": 0.0
      },
      {
        "label": "Expedited \u00b7 6\u20138 business days",
        "price": 50.0
      },
      {
        "label": "Rush \u00b7 3\u20134 business days",
        "price": 75.0
      }
    ],
    "notes": "nan"
  },
  "LA": {
    "stateName": "Louisiana",
    "options": [
      {
        "label": "Standard \u00b7 10\u201314 business days",
        "price": 0.0
      },
      {
        "label": "Expedited \u00b7 5\u20137 business days",
        "price": 50.0
      },
      {
        "label": "Rush \u00b7 2\u20133 business days",
        "price": 75.0
      }
    ],
    "notes": "nan"
  },
  "ME": {
    "stateName": "Maine",
    "options": [
      {
        "label": "Standard \u00b7 12\u201315 business days",
        "price": 0.0
      },
      {
        "label": "Expedited \u00b7 6\u20138 business days",
        "price": 50.0
      }
    ],
    "notes": "nan"
  },
  "MD": {
    "stateName": "Maryland",
    "options": [
      {
        "label": "Standard \u00b7 8\u201312 business days",
        "price": 0.0
      },
      {
        "label": "Expedited \u00b7 4\u20136 business days",
        "price": 50.0
      },
      {
        "label": "Rush \u00b7 1\u20132 business days",
        "price": 75.0
      }
    ],
    "notes": "nan"
  },
  "MA": {
    "stateName": "Massachusetts",
    "options": [
      {
        "label": "Standard \u00b7 10\u201314 business days",
        "price": 0.0
      },
      {
        "label": "Expedited \u00b7 5\u20137 business days",
        "price": 50.0
      },
      {
        "label": "Rush \u00b7 2\u20133 business days",
        "price": 75.0
      }
    ],
    "notes": "nan"
  },
  "MI": {
    "stateName": "Michigan",
    "options": [
      {
        "label": "Standard \u00b7 10\u201314 business days",
        "price": 0.0
      },
      {
        "label": "Expedited \u00b7 5\u20137 business days",
        "price": 50.0
      }
    ],
    "notes": "nan"
  },
  "MN": {
    "stateName": "Minnesota",
    "options": [
      {
        "label": "Standard \u00b7 10\u201312 business days",
        "price": 0.0
      },
      {
        "label": "Expedited \u00b7 5\u20137 business days",
        "price": 50.0
      },
      {
        "label": "Rush \u00b7 2\u20133 business days",
        "price": 75.0
      }
    ],
    "notes": "nan"
  },
  "MS": {
    "stateName": "Mississippi",
    "options": [
      {
        "label": "Standard \u00b7 12\u201315 business days",
        "price": 0.0
      },
      {
        "label": "Expedited \u00b7 6\u20138 business days",
        "price": 50.0
      }
    ],
    "notes": "nan"
  },
  "MO": {
    "stateName": "Missouri",
    "options": [
      {
        "label": "Standard \u00b7 10\u201314 business days",
        "price": 0.0
      },
      {
        "label": "Expedited \u00b7 5\u20137 business days",
        "price": 50.0
      },
      {
        "label": "Rush \u00b7 2\u20133 business days",
        "price": 75.0
      }
    ],
    "notes": "nan"
  },
  "MT": {
    "stateName": "Montana",
    "options": [
      {
        "label": "Standard \u00b7 15\u201318 business days",
        "price": 0.0
      },
      {
        "label": "Expedited \u00b7 8\u201310 business days",
        "price": 50.0
      }
    ],
    "notes": "nan"
  },
  "NE": {
    "stateName": "Nebraska",
    "options": [
      {
        "label": "Standard \u00b7 12\u201315 business days",
        "price": 0.0
      },
      {
        "label": "Expedited \u00b7 6\u20138 business days",
        "price": 50.0
      }
    ],
    "notes": "nan"
  },
  "NV": {
    "stateName": "Nevada",
    "options": [
      {
        "label": "Standard \u00b7 10\u201314 business days",
        "price": 0.0
      },
      {
        "label": "Expedited \u00b7 5\u20137 business days",
        "price": 50.0
      },
      {
        "label": "Rush \u00b7 2\u20133 business days",
        "price": 75.0
      }
    ],
    "notes": "nan"
  },
  "NH": {
    "stateName": "New Hampshire",
    "options": [
      {
        "label": "Standard \u00b7 12\u201315 business days",
        "price": 0.0
      },
      {
        "label": "Expedited \u00b7 6\u20138 business days",
        "price": 50.0
      }
    ],
    "notes": "nan"
  },
  "NJ": {
    "stateName": "New Jersey",
    "options": [
      {
        "label": "Standard \u00b7 10\u201314 business days",
        "price": 0.0
      },
      {
        "label": "Expedited \u00b7 5\u20137 business days",
        "price": 50.0
      },
      {
        "label": "Rush \u00b7 2\u20133 business days",
        "price": 75.0
      }
    ],
    "notes": "High volume state"
  },
  "NM": {
    "stateName": "New Mexico",
    "options": [
      {
        "label": "Standard \u00b7 12\u201315 business days",
        "price": 0.0
      },
      {
        "label": "Expedited \u00b7 6\u20138 business days",
        "price": 50.0
      }
    ],
    "notes": "nan"
  },
  "NY": {
    "stateName": "New York",
    "options": [
      {
        "label": "Standard \u00b7 8\u201312 business days",
        "price": 0.0
      },
      {
        "label": "Expedited \u00b7 4\u20136 business days",
        "price": 50.0
      },
      {
        "label": "Rush \u00b7 1\u20132 business days",
        "price": 75.0
      }
    ],
    "notes": "High volume state"
  },
  "NC": {
    "stateName": "North Carolina",
    "options": [
      {
        "label": "Standard \u00b7 10\u201314 business days",
        "price": 0.0
      },
      {
        "label": "Expedited \u00b7 5\u20137 business days",
        "price": 50.0
      },
      {
        "label": "Rush \u00b7 2\u20133 business days",
        "price": 75.0
      }
    ],
    "notes": "nan"
  },
  "ND": {
    "stateName": "North Dakota",
    "options": [
      {
        "label": "Standard \u00b7 15\u201318 business days",
        "price": 0.0
      },
      {
        "label": "Expedited \u00b7 8\u201310 business days",
        "price": 50.0
      }
    ],
    "notes": "nan"
  },
  "OH": {
    "stateName": "Ohio",
    "options": [
      {
        "label": "Standard \u00b7 10\u201314 business days",
        "price": 0.0
      },
      {
        "label": "Expedited \u00b7 5\u20137 business days",
        "price": 50.0
      },
      {
        "label": "Rush \u00b7 2\u20133 business days",
        "price": 75.0
      }
    ],
    "notes": "nan"
  },
  "OK": {
    "stateName": "Oklahoma",
    "options": [
      {
        "label": "Standard \u00b7 12\u201315 business days",
        "price": 0.0
      },
      {
        "label": "Expedited \u00b7 6\u20138 business days",
        "price": 50.0
      }
    ],
    "notes": "nan"
  },
  "OR": {
    "stateName": "Oregon",
    "options": [
      {
        "label": "Standard \u00b7 10\u201314 business days",
        "price": 0.0
      },
      {
        "label": "Expedited \u00b7 5\u20137 business days",
        "price": 50.0
      },
      {
        "label": "Rush \u00b7 2\u20133 business days",
        "price": 75.0
      }
    ],
    "notes": "nan"
  },
  "PA": {
    "stateName": "Pennsylvania",
    "options": [
      {
        "label": "Standard \u00b7 10\u201314 business days",
        "price": 0.0
      },
      {
        "label": "Expedited \u00b7 5\u20137 business days",
        "price": 50.0
      },
      {
        "label": "Rush \u00b7 2\u20133 business days",
        "price": 75.0
      }
    ],
    "notes": "nan"
  },
  "RI": {
    "stateName": "Rhode Island",
    "options": [
      {
        "label": "Standard \u00b7 12\u201315 business days",
        "price": 0.0
      },
      {
        "label": "Expedited \u00b7 6\u20138 business days",
        "price": 50.0
      }
    ],
    "notes": "nan"
  },
  "SC": {
    "stateName": "South Carolina",
    "options": [
      {
        "label": "Standard \u00b7 10\u201314 business days",
        "price": 0.0
      },
      {
        "label": "Expedited \u00b7 5\u20137 business days",
        "price": 50.0
      },
      {
        "label": "Rush \u00b7 2\u20133 business days",
        "price": 75.0
      }
    ],
    "notes": "nan"
  },
  "SD": {
    "stateName": "South Dakota",
    "options": [
      {
        "label": "Standard \u00b7 15\u201318 business days",
        "price": 0.0
      }
    ],
    "notes": "Limited expedite options"
  },
  "TN": {
    "stateName": "Tennessee",
    "options": [
      {
        "label": "Standard \u00b7 10\u201314 business days",
        "price": 0.0
      },
      {
        "label": "Expedited \u00b7 5\u20137 business days",
        "price": 50.0
      },
      {
        "label": "Rush \u00b7 2\u20133 business days",
        "price": 75.0
      }
    ],
    "notes": "nan"
  },
  "TX": {
    "stateName": "Texas",
    "options": [
      {
        "label": "Standard \u00b7 12\u201315 business days",
        "price": 0.0
      },
      {
        "label": "Expedited \u00b7 6\u20138 business days",
        "price": 50.0
      },
      {
        "label": "Rush \u00b7 3\u20134 business days",
        "price": 75.0
      }
    ],
    "notes": "High volume state"
  },
  "UT": {
    "stateName": "Utah",
    "options": [
      {
        "label": "Standard \u00b7 10\u201312 business days",
        "price": 0.0
      },
      {
        "label": "Expedited \u00b7 5\u20137 business days",
        "price": 50.0
      },
      {
        "label": "Rush \u00b7 2\u20133 business days",
        "price": 75.0
      }
    ],
    "notes": "nan"
  },
  "VT": {
    "stateName": "Vermont",
    "options": [
      {
        "label": "Standard \u00b7 12\u201315 business days",
        "price": 0.0
      },
      {
        "label": "Expedited \u00b7 6\u20138 business days",
        "price": 50.0
      }
    ],
    "notes": "nan"
  },
  "VA": {
    "stateName": "Virginia",
    "options": [
      {
        "label": "Standard \u00b7 8\u201312 business days",
        "price": 0.0
      },
      {
        "label": "Expedited \u00b7 4\u20136 business days",
        "price": 50.0
      },
      {
        "label": "Rush \u00b7 2\u20133 business days",
        "price": 75.0
      }
    ],
    "notes": "nan"
  },
  "WA": {
    "stateName": "Washington",
    "options": [
      {
        "label": "Standard \u00b7 10\u201314 business days",
        "price": 0.0
      },
      {
        "label": "Expedited \u00b7 5\u20137 business days",
        "price": 50.0
      },
      {
        "label": "Rush \u00b7 2\u20133 business days",
        "price": 75.0
      }
    ],
    "notes": "nan"
  },
  "WV": {
    "stateName": "West Virginia",
    "options": [
      {
        "label": "Standard \u00b7 12\u201315 business days",
        "price": 0.0
      },
      {
        "label": "Expedited \u00b7 6\u20138 business days",
        "price": 50.0
      }
    ],
    "notes": "nan"
  },
  "WI": {
    "stateName": "Wisconsin",
    "options": [
      {
        "label": "Standard \u00b7 10\u201314 business days",
        "price": 0.0
      },
      {
        "label": "Expedited \u00b7 5\u20137 business days",
        "price": 50.0
      },
      {
        "label": "Rush \u00b7 2\u20133 business days",
        "price": 75.0
      }
    ],
    "notes": "nan"
  },
  "WY": {
    "stateName": "Wyoming",
    "options": [
      {
        "label": "Standard \u00b7 15\u201320 business days",
        "price": 0.0
      }
    ],
    "notes": "Limited expedite options"
  },
  "FEDERAL": {
    "stateName": "U.S. Federal (State Dept)",
    "options": [
      {
        "label": "Standard \u00b7 15\u201320 business days",
        "price": 0.0
      },
      {
        "label": "Expedited \u00b7 8\u201310 business days",
        "price": 50.0
      },
      {
        "label": "Rush \u00b7 3\u20135 business days",
        "price": 75.0
      }
    ],
    "notes": "For federal documents only"
  }
}