{
  "pairs": {
    "English__Albanian": {
      "source": "English",
      "target": "Albanian",
      "personalPerPage": 45.0,
      "businessPerPage": 55.0,
      "rushPerPage": 25.0
    },
    "English__Amharic": {
      "source": "English",
      "target": "Amharic",
      "personalPerPage": 45.0,
      "businessPerPage": 55.0,
      "rushPerPage": 25.0
    },
    "English__Arabic": {
      "source": "English",
      "target": "Arabic",
      "personalPerPage": 45.0,
      "businessPerPage": 55.0,
      "rushPerPage": 25.0
    },
    "English__Armenian": {
      "source": "English",
      "target": "Armenian",
      "personalPerPage": 45.0,
      "businessPerPage": 55.0,
      "rushPerPage": 25.0
    },
    "English__Azerbaijani": {
      "source": "English",
      "target": "Azerbaijani",
      "personalPerPage": 45.0,
      "businessPerPage": 55.0,
      "rushPerPage": 25.0
    },
    "English__Bengali": {
      "source": "English",
      "target": "Bengali",
      "personalPerPage": 45.0,
      "businessPerPage": 55.0,
      "rushPerPage": 25.0
    },
    "English__Bosnian": {
      "source": "English",
      "target": "Bosnian",
      "personalPerPage": 45.0,
      "businessPerPage": 55.0,
      "rushPerPage": 25.0
    },
    "English__Bulgarian": {
      "source": "English",
      "target": "Bulgarian",
      "personalPerPage": 45.0,
      "businessPerPage": 55.0,
      "rushPerPage": 25.0
    },
    "English__Burmese": {
      "source": "English",
      "target": "Burmese",
      "personalPerPage": 45.0,
      "businessPerPage": 55.0,
      "rushPerPage": 25.0
    },
    "English__Catalan": {
      "source": "English",
      "target": "Catalan",
      "personalPerPage": 45.0,
      "businessPerPage": 55.0,
      "rushPerPage": 25.0
    },
    "English__Chinese (Simplified)": {
      "source": "English",
      "target": "Chinese (Simplified)",
      "personalPerPage": 45.0,
      "businessPerPage": 55.0,
      "rushPerPage": 25.0
    },
    "English__Chinese (Traditional)": {
      "source": "English",
      "target": "Chinese (Traditional)",
      "personalPerPage": 45.0,
      "businessPerPage": 55.0,
      "rushPerPage": 25.0
    },
    "English__Croatian": {
      "source": "English",
      "target": "Croatian",
      "personalPerPage": 45.0,
      "businessPerPage": 55.0,
      "rushPerPage": 25.0
    },
    "English__Czech": {
      "source": "English",
      "target": "Czech",
      "personalPerPage": 45.0,
      "businessPerPage": 55.0,
      "rushPerPage": 25.0
    },
    "English__Danish": {
      "source": "English",
      "target": "Danish",
      "personalPerPage": 45.0,
      "businessPerPage": 55.0,
      "rushPerPage": 25.0
    },
    "English__Dari": {
      "source": "English",
      "target": "Dari",
      "personalPerPage": 45.0,
      "businessPerPage": 55.0,
      "rushPerPage": 25.0
    },
    "English__Dutch": {
      "source": "English",
      "target": "Dutch",
      "personalPerPage": 45.0,
      "businessPerPage": 55.0,
      "rushPerPage": 25.0
    },
    "English__Farsi (Persian)": {
      "source": "English",
      "target": "Farsi (Persian)",
      "personalPerPage": 45.0,
      "businessPerPage": 55.0,
      "rushPerPage": 25.0
    },
    "English__Finnish": {
      "source": "English",
      "target": "Finnish",
      "personalPerPage": 45.0,
      "businessPerPage": 55.0,
      "rushPerPage": 25.0
    },
    "English__French": {
      "source": "English",
      "target": "French",
      "personalPerPage": 45.0,
      "businessPerPage": 55.0,
      "rushPerPage": 25.0
    },
    "English__French (Canadian)": {
      "source": "English",
      "target": "French (Canadian)",
      "personalPerPage": 45.0,
      "businessPerPage": 55.0,
      "rushPerPage": 25.0
    },
    "English__Georgian": {
      "source": "English",
      "target": "Georgian",
      "personalPerPage": 45.0,
      "businessPerPage": 55.0,
      "rushPerPage": 25.0
    },
    "English__German": {
      "source": "English",
      "target": "German",
      "personalPerPage": 45.0,
      "businessPerPage": 55.0,
      "rushPerPage": 25.0
    },
    "English__Greek": {
      "source": "English",
      "target": "Greek",
      "personalPerPage": 45.0,
      "businessPerPage": 55.0,
      "rushPerPage": 25.0
    },
    "English__Gujarati": {
      "source": "English",
      "target": "Gujarati",
      "personalPerPage": 45.0,
      "businessPerPage": 55.0,
      "rushPerPage": 25.0
    },
    "English__Haitian Creole": {
      "source": "English",
      "target": "Haitian Creole",
      "personalPerPage": 45.0,
      "businessPerPage": 55.0,
      "rushPerPage": 25.0
    },
    "English__Hebrew": {
      "source": "English",
      "target": "Hebrew",
      "personalPerPage": 45.0,
      "businessPerPage": 55.0,
      "rushPerPage": 25.0
    },
    "English__Hindi": {
      "source": "English",
      "target": "Hindi",
      "personalPerPage": 45.0,
      "businessPerPage": 55.0,
      "rushPerPage": 25.0
    },
    "English__Hungarian": {
      "source": "English",
      "target": "Hungarian",
      "personalPerPage": 45.0,
      "businessPerPage": 55.0,
      "rushPerPage": 25.0
    },
    "English__Indonesian": {
      "source": "English",
      "target": "Indonesian",
      "personalPerPage": 45.0,
      "businessPerPage": 55.0,
      "rushPerPage": 25.0
    },
    "English__Italian": {
      "source": "English",
      "target": "Italian",
      "personalPerPage": 45.0,
      "businessPerPage": 55.0,
      "rushPerPage": 25.0
    },
    "English__Japanese": {
      "source": "English",
      "target": "Japanese",
      "personalPerPage": 45.0,
      "businessPerPage": 55.0,
      "rushPerPage": 25.0
    },
    "English__Kannada": {
      "source": "English",
      "target": "Kannada",
      "personalPerPage": 45.0,
      "businessPerPage": 55.0,
      "rushPerPage": 25.0
    },
    "English__Khmer": {
      "source": "English",
      "target": "Khmer",
      "personalPerPage": 45.0,
      "businessPerPage": 55.0,
      "rushPerPage": 25.0
    },
    "English__Korean": {
      "source": "English",
      "target": "Korean",
      "personalPerPage": 45.0,
      "businessPerPage": 55.0,
      "rushPerPage": 25.0
    },
    "English__Kurdish": {
      "source": "English",
      "target": "Kurdish",
      "personalPerPage": 45.0,
      "businessPerPage": 55.0,
      "rushPerPage": 25.0
    },
    "English__Lao": {
      "source": "English",
      "target": "Lao",
      "personalPerPage": 45.0,
      "businessPerPage": 55.0,
      "rushPerPage": 25.0
    },
    "English__Latvian": {
      "source": "English",
      "target": "Latvian",
      "personalPerPage": 45.0,
      "businessPerPage": 55.0,
      "rushPerPage": 25.0
    },
    "English__Lithuanian": {
      "source": "English",
      "target": "Lithuanian",
      "personalPerPage": 45.0,
      "businessPerPage": 55.0,
      "rushPerPage": 25.0
    },
    "English__Macedonian": {
      "source": "English",
      "target": "Macedonian",
      "personalPerPage": 45.0,
      "businessPerPage": 55.0,
      "rushPerPage": 25.0
    },
    "English__Malay": {
      "source": "English",
      "target": "Malay",
      "personalPerPage": 45.0,
      "businessPerPage": 55.0,
      "rushPerPage": 25.0
    },
    "English__Malayalam": {
      "source": "English",
      "target": "Malayalam",
      "personalPerPage": 45.0,
      "businessPerPage": 55.0,
      "rushPerPage": 25.0
    },
    "English__Marathi": {
      "source": "English",
      "target": "Marathi",
      "personalPerPage": 45.0,
      "businessPerPage": 55.0,
      "rushPerPage": 25.0
    },
    "English__Mongolian": {
      "source": "English",
      "target": "Mongolian",
      "personalPerPage": 45.0,
      "businessPerPage": 55.0,
      "rushPerPage": 25.0
    },
    "English__Nepali": {
      "source": "English",
      "target": "Nepali",
      "personalPerPage": 45.0,
      "businessPerPage": 55.0,
      "rushPerPage": 25.0
    },
    "English__Norwegian": {
      "source": "English",
      "target": "Norwegian",
      "personalPerPage": 45.0,
      "businessPerPage": 55.0,
      "rushPerPage": 25.0
    },
    "English__Pashto": {
      "source": "English",
      "target": "Pashto",
      "personalPerPage": 45.0,
      "businessPerPage": 55.0,
      "rushPerPage": 25.0
    },
    "English__Polish": {
      "source": "English",
      "target": "Polish",
      "personalPerPage": 45.0,
      "businessPerPage": 55.0,
      "rushPerPage": 25.0
    },
    "English__Portuguese": {
      "source": "English",
      "target": "Portuguese",
      "personalPerPage": 45.0,
      "businessPerPage": 55.0,
      "rushPerPage": 25.0
    },
    "English__Portuguese (Brazil)": {
      "source": "English",
      "target": "Portuguese (Brazil)",
      "personalPerPage": 45.0,
      "businessPerPage": 55.0,
      "rushPerPage": 25.0
    },
    "English__Punjabi": {
      "source": "English",
      "target": "Punjabi",
      "personalPerPage": 45.0,
      "businessPerPage": 55.0,
      "rushPerPage": 25.0
    },
    "English__Romanian": {
      "source": "English",
      "target": "Romanian",
      "personalPerPage": 45.0,
      "businessPerPage": 55.0,
      "rushPerPage": 25.0
    },
    "English__Russian": {
      "source": "English",
      "target": "Russian",
      "personalPerPage": 45.0,
      "businessPerPage": 55.0,
      "rushPerPage": 25.0
    },
    "English__Serbian": {
      "source": "English",
      "target": "Serbian",
      "personalPerPage": 45.0,
      "businessPerPage": 55.0,
      "rushPerPage": 25.0
    },
    "English__Sinhala": {
      "source": "English",
      "target": "Sinhala",
      "personalPerPage": 45.0,
      "businessPerPage": 55.0,
      "rushPerPage": 25.0
    },
    "English__Slovak": {
      "source": "English",
      "target": "Slovak",
      "personalPerPage": 45.0,
      "businessPerPage": 55.0,
      "rushPerPage": 25.0
    },
    "English__Slovenian": {
      "source": "English",
      "target": "Slovenian",
      "personalPerPage": 45.0,
      "businessPerPage": 55.0,
      "rushPerPage": 25.0
    },
    "English__Somali": {
      "source": "English",
      "target": "Somali",
      "personalPerPage": 45.0,
      "businessPerPage": 55.0,
      "rushPerPage": 25.0
    },
    "English__Spanish": {
      "source": "English",
      "target": "Spanish",
      "personalPerPage": 45.0,
      "businessPerPage": 55.0,
      "rushPerPage": 25.0
    },
    "English__Swahili": {
      "source": "English",
      "target": "Swahili",
      "personalPerPage": 45.0,
      "businessPerPage": 55.0,
      "rushPerPage": 25.0
    },
    "English__Swedish": {
      "source": "English",
      "target": "Swedish",
      "personalPerPage": 45.0,
      "businessPerPage": 55.0,
      "rushPerPage": 25.0
    },
    "English__Tagalog": {
      "source": "English",
      "target": "Tagalog",
      "personalPerPage": 45.0,
      "businessPerPage": 55.0,
      "rushPerPage": 25.0
    },
    "English__Tamil": {
      "source": "English",
      "target": "Tamil",
      "personalPerPage": 45.0,
      "businessPerPage": 55.0,
      "rushPerPage": 25.0
    },
    "English__Telugu": {
      "source": "English",
      "target": "Telugu",
      "personalPerPage": 45.0,
      "businessPerPage": 55.0,
      "rushPerPage": 25.0
    },
    "English__Thai": {
      "source": "English",
      "target": "Thai",
      "personalPerPage": 45.0,
      "businessPerPage": 55.0,
      "rushPerPage": 25.0
    },
    "English__Tigrinya": {
      "source": "English",
      "target": "Tigrinya",
      "personalPerPage": 45.0,
      "businessPerPage": 55.0,
      "rushPerPage": 25.0
    },
    "English__Turkish": {
      "source": "English",
      "target": "Turkish",
      "personalPerPage": 45.0,
      "businessPerPage": 55.0,
      "rushPerPage": 25.0
    },
    "English__Ukrainian": {
      "source": "English",
      "target": "Ukrainian",
      "personalPerPage": 45.0,
      "businessPerPage": 55.0,
      "rushPerPage": 25.0
    },
    "English__Urdu": {
      "source": "English",
      "target": "Urdu",
      "personalPerPage": 45.0,
      "businessPerPage": 55.0,
      "rushPerPage": 25.0
    },
    "English__Uzbek": {
      "source": "English",
      "target": "Uzbek",
      "personalPerPage": 45.0,
      "businessPerPage": 55.0,
      "rushPerPage": 25.0
    },
    "English__Vietnamese": {
      "source": "English",
      "target": "Vietnamese",
      "personalPerPage": 45.0,
      "businessPerPage": 55.0,
      "rushPerPage": 25.0
    },
    "Albanian__English": {
      "source": "Albanian",
      "target": "English",
      "personalPerPage": 45.0,
      "businessPerPage": 55.0,
      "rushPerPage": 25.0
    },
    "Amharic__English": {
      "source": "Amharic",
      "target": "English",
      "personalPerPage": 45.0,
      "businessPerPage": 55.0,
      "rushPerPage": 25.0
    },
    "Arabic__English": {
      "source": "Arabic",
      "target": "English",
      "personalPerPage": 45.0,
      "businessPerPage": 55.0,
      "rushPerPage": 25.0
    },
    "Armenian__English": {
      "source": "Armenian",
      "target": "English",
      "personalPerPage": 45.0,
      "businessPerPage": 55.0,
      "rushPerPage": 25.0
    },
    "Azerbaijani__English": {
      "source": "Azerbaijani",
      "target": "English",
      "personalPerPage": 45.0,
      "businessPerPage": 55.0,
      "rushPerPage": 25.0
    },
    "Bengali__English": {
      "source": "Bengali",
      "target": "English",
      "personalPerPage": 45.0,
      "businessPerPage": 55.0,
      "rushPerPage": 25.0
    },
    "Bosnian__English": {
      "source": "Bosnian",
      "target": "English",
      "personalPerPage": 45.0,
      "businessPerPage": 55.0,
      "rushPerPage": 25.0
    },
    "Bulgarian__English": {
      "source": "Bulgarian",
      "target": "English",
      "personalPerPage": 45.0,
      "businessPerPage": 55.0,
      "rushPerPage": 25.0
    },
    "Burmese__English": {
      "source": "Burmese",
      "target": "English",
      "personalPerPage": 45.0,
      "businessPerPage": 55.0,
      "rushPerPage": 25.0
    },
    "Catalan__English": {
      "source": "Catalan",
      "target": "English",
      "personalPerPage": 45.0,
      "businessPerPage": 55.0,
      "rushPerPage": 25.0
    },
    "Chinese (Simplified)__English": {
      "source": "Chinese (Simplified)",
      "target": "English",
      "personalPerPage": 45.0,
      "businessPerPage": 55.0,
      "rushPerPage": 25.0
    },
    "Chinese (Traditional)__English": {
      "source": "Chinese (Traditional)",
      "target": "English",
      "personalPerPage": 45.0,
      "businessPerPage": 55.0,
      "rushPerPage": 25.0
    },
    "Croatian__English": {
      "source": "Croatian",
      "target": "English",
      "personalPerPage": 45.0,
      "businessPerPage": 55.0,
      "rushPerPage": 25.0
    },
    "Czech__English": {
      "source": "Czech",
      "target": "English",
      "personalPerPage": 45.0,
      "businessPerPage": 55.0,
      "rushPerPage": 25.0
    },
    "Danish__English": {
      "source": "Danish",
      "target": "English",
      "personalPerPage": 45.0,
      "businessPerPage": 55.0,
      "rushPerPage": 25.0
    },
    "Dari__English": {
      "source": "Dari",
      "target": "English",
      "personalPerPage": 45.0,
      "businessPerPage": 55.0,
      "rushPerPage": 25.0
    },
    "Dutch__English": {
      "source": "Dutch",
      "target": "English",
      "personalPerPage": 45.0,
      "businessPerPage": 55.0,
      "rushPerPage": 25.0
    },
    "Farsi (Persian)__English": {
      "source": "Farsi (Persian)",
      "target": "English",
      "personalPerPage": 45.0,
      "businessPerPage": 55.0,
      "rushPerPage": 25.0
    },
    "Finnish__English": {
      "source": "Finnish",
      "target": "English",
      "personalPerPage": 45.0,
      "businessPerPage": 55.0,
      "rushPerPage": 25.0
    },
    "French__English": {
      "source": "French",
      "target": "English",
      "personalPerPage": 45.0,
      "businessPerPage": 55.0,
      "rushPerPage": 25.0
    },
    "French (Canadian)__English": {
      "source": "French (Canadian)",
      "target": "English",
      "personalPerPage": 45.0,
      "businessPerPage": 55.0,
      "rushPerPage": 25.0
    },
    "Georgian__English": {
      "source": "Georgian",
      "target": "English",
      "personalPerPage": 45.0,
      "businessPerPage": 55.0,
      "rushPerPage": 25.0
    },
    "German__English": {
      "source": "German",
      "target": "English",
      "personalPerPage": 45.0,
      "businessPerPage": 55.0,
      "rushPerPage": 25.0
    },
    "Greek__English": {
      "source": "Greek",
      "target": "English",
      "personalPerPage": 45.0,
      "businessPerPage": 55.0,
      "rushPerPage": 25.0
    },
    "Gujarati__English": {
      "source": "Gujarati",
      "target": "English",
      "personalPerPage": 45.0,
      "businessPerPage": 55.0,
      "rushPerPage": 25.0
    },
    "Haitian Creole__English": {
      "source": "Haitian Creole",
      "target": "English",
      "personalPerPage": 45.0,
      "businessPerPage": 55.0,
      "rushPerPage": 25.0
    },
    "Hebrew__English": {
      "source": "Hebrew",
      "target": "English",
      "personalPerPage": 45.0,
      "businessPerPage": 55.0,
      "rushPerPage": 25.0
    },
    "Hindi__English": {
      "source": "Hindi",
      "target": "English",
      "personalPerPage": 45.0,
      "businessPerPage": 55.0,
      "rushPerPage": 25.0
    },
    "Hungarian__English": {
      "source": "Hungarian",
      "target": "English",
      "personalPerPage": 45.0,
      "businessPerPage": 55.0,
      "rushPerPage": 25.0
    },
    "Indonesian__English": {
      "source": "Indonesian",
      "target": "English",
      "personalPerPage": 45.0,
      "businessPerPage": 55.0,
      "rushPerPage": 25.0
    },
    "Italian__English": {
      "source": "Italian",
      "target": "English",
      "personalPerPage": 45.0,
      "businessPerPage": 55.0,
      "rushPerPage": 25.0
    },
    "Japanese__English": {
      "source": "Japanese",
      "target": "English",
      "personalPerPage": 45.0,
      "businessPerPage": 55.0,
      "rushPerPage": 25.0
    },
    "Kannada__English": {
      "source": "Kannada",
      "target": "English",
      "personalPerPage": 45.0,
      "businessPerPage": 55.0,
      "rushPerPage": 25.0
    },
    "Khmer__English": {
      "source": "Khmer",
      "target": "English",
      "personalPerPage": 45.0,
      "businessPerPage": 55.0,
      "rushPerPage": 25.0
    },
    "Korean__English": {
      "source": "Korean",
      "target": "English",
      "personalPerPage": 45.0,
      "businessPerPage": 55.0,
      "rushPerPage": 25.0
    },
    "Kurdish__English": {
      "source": "Kurdish",
      "target": "English",
      "personalPerPage": 45.0,
      "businessPerPage": 55.0,
      "rushPerPage": 25.0
    },
    "Lao__English": {
      "source": "Lao",
      "target": "English",
      "personalPerPage": 45.0,
      "businessPerPage": 55.0,
      "rushPerPage": 25.0
    },
    "Latvian__English": {
      "source": "Latvian",
      "target": "English",
      "personalPerPage": 45.0,
      "businessPerPage": 55.0,
      "rushPerPage": 25.0
    },
    "Lithuanian__English": {
      "source": "Lithuanian",
      "target": "English",
      "personalPerPage": 45.0,
      "businessPerPage": 55.0,
      "rushPerPage": 25.0
    },
    "Macedonian__English": {
      "source": "Macedonian",
      "target": "English",
      "personalPerPage": 45.0,
      "businessPerPage": 55.0,
      "rushPerPage": 25.0
    },
    "Malay__English": {
      "source": "Malay",
      "target": "English",
      "personalPerPage": 45.0,
      "businessPerPage": 55.0,
      "rushPerPage": 25.0
    },
    "Malayalam__English": {
      "source": "Malayalam",
      "target": "English",
      "personalPerPage": 45.0,
      "businessPerPage": 55.0,
      "rushPerPage": 25.0
    },
    "Marathi__English": {
      "source": "Marathi",
      "target": "English",
      "personalPerPage": 45.0,
      "businessPerPage": 55.0,
      "rushPerPage": 25.0
    },
    "Mongolian__English": {
      "source": "Mongolian",
      "target": "English",
      "personalPerPage": 45.0,
      "businessPerPage": 55.0,
      "rushPerPage": 25.0
    },
    "Nepali__English": {
      "source": "Nepali",
      "target": "English",
      "personalPerPage": 45.0,
      "businessPerPage": 55.0,
      "rushPerPage": 25.0
    },
    "Norwegian__English": {
      "source": "Norwegian",
      "target": "English",
      "personalPerPage": 45.0,
      "businessPerPage": 55.0,
      "rushPerPage": 25.0
    },
    "Pashto__English": {
      "source": "Pashto",
      "target": "English",
      "personalPerPage": 45.0,
      "businessPerPage": 55.0,
      "rushPerPage": 25.0
    },
    "Polish__English": {
      "source": "Polish",
      "target": "English",
      "personalPerPage": 45.0,
      "businessPerPage": 55.0,
      "rushPerPage": 25.0
    },
    "Portuguese__English": {
      "source": "Portuguese",
      "target": "English",
      "personalPerPage": 45.0,
      "businessPerPage": 55.0,
      "rushPerPage": 25.0
    },
    "Portuguese (Brazil)__English": {
      "source": "Portuguese (Brazil)",
      "target": "English",
      "personalPerPage": 45.0,
      "businessPerPage": 55.0,
      "rushPerPage": 25.0
    },
    "Punjabi__English": {
      "source": "Punjabi",
      "target": "English",
      "personalPerPage": 45.0,
      "businessPerPage": 55.0,
      "rushPerPage": 25.0
    },
    "Romanian__English": {
      "source": "Romanian",
      "target": "English",
      "personalPerPage": 45.0,
      "businessPerPage": 55.0,
      "rushPerPage": 25.0
    },
    "Russian__English": {
      "source": "Russian",
      "target": "English",
      "personalPerPage": 45.0,
      "businessPerPage": 55.0,
      "rushPerPage": 25.0
    },
    "Serbian__English": {
      "source": "Serbian",
      "target": "English",
      "personalPerPage": 45.0,
      "businessPerPage": 55.0,
      "rushPerPage": 25.0
    },
    "Sinhala__English": {
      "source": "Sinhala",
      "target": "English",
      "personalPerPage": 45.0,
      "businessPerPage": 55.0,
      "rushPerPage": 25.0
    },
    "Slovak__English": {
      "source": "Slovak",
      "target": "English",
      "personalPerPage": 45.0,
      "businessPerPage": 55.0,
      "rushPerPage": 25.0
    },
    "Slovenian__English": {
      "source": "Slovenian",
      "target": "English",
      "personalPerPage": 45.0,
      "businessPerPage": 55.0,
      "rushPerPage": 25.0
    },
    "Somali__English": {
      "source": "Somali",
      "target": "English",
      "personalPerPage": 45.0,
      "businessPerPage": 55.0,
      "rushPerPage": 25.0
    },
    "Spanish__English": {
      "source": "Spanish",
      "target": "English",
      "personalPerPage": 45.0,
      "businessPerPage": 55.0,
      "rushPerPage": 25.0
    },
    "Swahili__English": {
      "source": "Swahili",
      "target": "English",
      "personalPerPage": 45.0,
      "businessPerPage": 55.0,
      "rushPerPage": 25.0
    },
    "Swedish__English": {
      "source": "Swedish",
      "target": "English",
      "personalPerPage": 45.0,
      "businessPerPage": 55.0,
      "rushPerPage": 25.0
    },
    "Tagalog__English": {
      "source": "Tagalog",
      "target": "English",
      "personalPerPage": 45.0,
      "businessPerPage": 55.0,
      "rushPerPage": 25.0
    },
    "Tamil__English": {
      "source": "Tamil",
      "target": "English",
      "personalPerPage": 45.0,
      "businessPerPage": 55.0,
      "rushPerPage": 25.0
    },
    "Telugu__English": {
      "source": "Telugu",
      "target": "English",
      "personalPerPage": 45.0,
      "businessPerPage": 55.0,
      "rushPerPage": 25.0
    },
    "Thai__English": {
      "source": "Thai",
      "target": "English",
      "personalPerPage": 45.0,
      "businessPerPage": 55.0,
      "rushPerPage": 25.0
    },
    "Tigrinya__English": {
      "source": "Tigrinya",
      "target": "English",
      "personalPerPage": 45.0,
      "businessPerPage": 55.0,
      "rushPerPage": 25.0
    },
    "Turkish__English": {
      "source": "Turkish",
      "target": "English",
      "personalPerPage": 45.0,
      "businessPerPage": 55.0,
      "rushPerPage": 25.0
    },
    "Ukrainian__English": {
      "source": "Ukrainian",
      "target": "English",
      "personalPerPage": 45.0,
      "businessPerPage": 55.0,
      "rushPerPage": 25.0
    },
    "Urdu__English": {
      "source": "Urdu",
      "target": "English",
      "personalPerPage": 45.0,
      "businessPerPage": 55.0,
      "rushPerPage": 25.0
    },
    "Uzbek__English": {
      "source": "Uzbek",
      "target": "English",
      "personalPerPage": 45.0,
      "businessPerPage": 55.0,
      "rushPerPage": 25.0
    },
    "Vietnamese__English": {
      "source": "Vietnamese",
      "target": "English",
      "personalPerPage": 45.0,
      "businessPerPage": 55.0,
      "rushPerPage": 25.0
    }
  },
  "addons": {
    "shipped_hard_copy": {
      "label": "Shipped Hard Copy",
      "price": 35.0,
      "priceType": "per_transaction",
      "description": "Original translation with certification, featuring wet ink stamps and signatures, shipped worldwide via FedEx with tracking"
    },
    "notarization": {
      "label": "Notarization",
      "price": 75.0,
      "priceType": "per_transaction",
      "description": "Stamp, signature, and tamper-evident digital certificate verifying the translation certification, valid in all 50 states"
    },
    "expedited_turnaround": {
      "label": "Expedited Turnaround",
      "price": 25.0,
      "priceType": "per_page",
      "description": "Your order receives priority, reducing translation time by an average of 50% to expedite processing and ensure faster delivery"
    }
  }
}